"","source","url"
"1","bbc","https://www.bbc.co.uk/news/technology-46292818"
"2","bbc","https://www.bbc.co.uk/news/technology-46289639"
"3","bbc","https://www.bbc.co.uk/news/technology-46223467"
"4","bbc","https://www.bbc.co.uk/news/technology-46290049"
"5","bbc","https://www.bbc.co.uk/news/technology-46274578"
"6","bbc","https://www.bbc.co.uk/news/business-46286945"
"7","bbc","https://www.bbc.co.uk/news/technology-46275138"
"8","bbc","https://www.bbc.co.uk/news/business-46274158"
"9","bbc","https://www.bbc.co.uk/news/technology-46263998"
"10","bbc","https://www.bbc.co.uk/news/technology-46263995"
"11","bbc","https://www.bbc.co.uk/news/technology-46269238"
"12","bbc","https://www.bbc.co.uk/news/technology-46262279"
"13","bbc","https://www.bbc.co.uk/news/business-46269704"
"14","bbc","https://www.bbc.co.uk/news/technology-46261209"
"15","bbc","https://www.bbc.co.uk/news/uk-england-stoke-staffordshire-46264327"
"16","bbc","https://www.bbc.co.uk/news/technology-46262520"
"17","bbc","https://www.bbc.co.uk/news/technology-46234035"
"18","bbc","https://www.bbc.co.uk/news/technology-46223466"
"19","bbc","https://www.bbc.co.uk/news/uk-england-humber-46252838"
"20","bbc","https://www.bbc.co.uk/news/business-46252933"
"21","bbc","https://www.bbc.co.uk/news/newsbeat-46235312"
"22","bbc","https://www.bbc.co.uk/news/technology-46222826"
"23","bbc","https://www.bbc.co.uk/news/technology-45992475"
"24","bbc","https://www.bbc.co.uk/news/uk-england-bristol-45942108"
"25","bbc","https://www.bbc.co.uk/news/science-environment-45985510"
"26","bbc","https://www.bbc.co.uk/news/technology-45827812"
"27","bbc","https://www.bbc.co.uk/news/uk-england-york-north-yorkshire-46234702"
"28","bbc","https://www.bbc.co.uk/news/uk-england-derbyshire-46126155"
"29","bbc","https://www.bbc.co.uk/news/business-46224431"
"30","bbc","https://www.bbc.co.uk/news/technology-46153007"
"31","bbc","https://www.bbc.co.uk/news/business-46186130"
"32","bbc","https://www.bbc.co.uk/news/business-46219656"
"33","bbc","https://www.bbc.co.uk/news/business-46131255"
"34","bbc","https://www.bbc.co.uk/news/business-46137804"
"35","bbc","https://www.bbc.co.uk/news/business-46064166"
"36","bbc","https://www.bbc.co.uk/news/technology-45953238"
"37","bbc","https://www.bbc.co.uk/news/technology-46104435"
"38","bbc","https://www.bbc.co.uk/news/technology-46104433"
"39","bbc","https://www.bbc.co.uk/news/technology-45827810"
"40","bbc","https://www.bbc.co.uk/news/technology-45953023"
"41","bbc","https://www.bbc.co.uk/news/business-46292361"
"42","bbc","https://www.bbc.co.uk/news/stories-46277058"
"43","bbc","https://www.bbc.co.uk/news/science-environment-46283138"
"44","bbc","https://www.bbc.co.uk/news/world-middle-east-46214184"
"45","bbc","https://www.bbc.co.uk/news/technology-45992477"
"46","bbc","https://www.bbc.co.uk/news/technology-46208806"
"47","bbc","https://www.bbc.co.uk/news/business-46289499"
"48","bbc","https://www.bbc.co.uk/news/business-46295109"
"49","bbc","https://www.bbc.co.uk/news/business-46294104"
"50","bbc","https://www.bbc.co.uk/news/uk-46294209"
"51","bbc","https://www.bbc.co.uk/news/education-46289373"
"52","bbc","https://www.bbc.co.uk/news/business-46289849"
"53","bbc","https://www.bbc.co.uk/news/business-46287887"
"54","bbc","https://www.bbc.co.uk/news/business-46286945"
"55","bbc","https://www.bbc.co.uk/news/business-46286934"
"56","bbc","https://www.bbc.co.uk/news/technology-46292818"
"57","bbc","https://www.bbc.co.uk/news/business-46287344"
"58","bbc","https://www.bbc.co.uk/news/uk-england-nottinghamshire-46291789"
"59","bbc","https://www.bbc.co.uk/news/uk-northern-ireland-46291361"
"60","bbc","https://www.bbc.co.uk/news/entertainment-arts-46288884"
"61","bbc","https://www.bbc.co.uk/news/business-46281768"
"62","bbc","https://www.bbc.co.uk/news/business-46292360"
"63","bbc","https://www.bbc.co.uk/news/business-46292361"
"64","bbc","https://www.bbc.co.uk/news/business-46292359"
"65","bbc","https://www.bbc.co.uk/news/business-46283525"
"66","bbc","https://www.bbc.co.uk/news/business-46278758"
"67","bbc","https://www.bbc.co.uk/news/business-46031653"
"68","bbc","https://www.bbc.co.uk/news/business-46224418"
"69","bbc","https://www.bbc.co.uk/news/uk-politics-46263832"
"70","bbc","https://www.bbc.co.uk/news/business-46263150"
"71","bbc","https://www.bbc.co.uk/news/business-46259419"
"72","bbc","https://www.bbc.co.uk/news/business-46287894"
"73","bbc","https://www.bbc.co.uk/news/business-46260739"
"74","bbc","https://www.bbc.co.uk/news/business-46197019"
"75","bbc","https://www.bbc.co.uk/news/business-46267868"
"76","bbc","https://www.bbc.co.uk/news/business-46224431"
"77","bbc","https://www.bbc.co.uk/news/business-46263220"
"78","bbc","https://www.bbc.co.uk/news/business-46197270"
"79","bbc","https://www.bbc.co.uk/news/education-46182050"
"80","bbc","https://www.bbc.co.uk/news/business-46193769"
"81","bbc","https://www.bbc.co.uk/news/business-46222127"
"82","bbc","https://www.bbc.co.uk/news/science-environment-46298259"
"83","bbc","https://www.bbc.co.uk/news/science-environment-46289234"
"84","bbc","https://www.bbc.co.uk/news/science-environment-46266348"
"85","bbc","https://www.bbc.co.uk/news/science-environment-46281051"
"86","bbc","https://www.bbc.co.uk/news/uk-wales-46290108"
"87","bbc","https://www.bbc.co.uk/news/business-46274158"
"88","bbc","https://www.bbc.co.uk/news/world-us-canada-46284236"
"89","bbc","https://www.bbc.co.uk/news/world-asia-46275742"
"90","bbc","https://www.bbc.co.uk/news/business-46263770"
"91","bbc","https://www.bbc.co.uk/news/science-environment-46263970"
"92","bbc","https://www.bbc.co.uk/news/world-australia-46258616"
"93","bbc","https://www.bbc.co.uk/news/uk-england-norfolk-45959914"
"94","bbc","https://www.bbc.co.uk/news/science-environment-46264383"
"95","bbc","https://www.bbc.co.uk/news/science-environment-46143399"
"96","bbc","https://www.bbc.co.uk/news/science-environment-46181450"
"97","bbc","https://www.bbc.co.uk/news/science-environment-46212844"
"98","bbc","https://www.bbc.co.uk/news/science-environment-46196279"
"99","bbc","https://www.bbc.co.uk/news/science-environment-46214864"
"100","bbc","https://www.bbc.co.uk/news/science-environment-46199100"
"101","bbc","https://www.bbc.co.uk/news/science-environment-46202255"
"102","bbc","https://www.bbc.co.uk/news/science-environment-46194383"
"103","bbc","https://www.bbc.co.uk/news/science-environment-46187230"
"104","bbc","https://www.bbc.co.uk/news/science-environment-46187670"
"105","bbc","https://www.bbc.co.uk/news/business-46131255"
"106","bbc","https://www.bbc.co.uk/news/uk-46188354"
"107","bbc","https://www.bbc.co.uk/news/uk-politics-46172661"
"108","bbc","https://www.bbc.co.uk/news/science-environment-46150548"
"109","bbc","https://www.bbc.co.uk/news/science-environment-46153727"
"110","bbc","https://www.bbc.co.uk/news/science-environment-46153332"
"111","bbc","https://www.bbc.co.uk/news/science-environment-46296329"
"112","bbc","https://www.bbc.co.uk/news/science-environment-46283138"
"113","bbc","https://www.bbc.co.uk/news/science-environment-46264651"
"114","bbc","https://www.bbc.co.uk/news/science-environment-46131792"
"115","bbc","https://www.bbc.co.uk/news/science-environment-45969368"
"116","bbc","https://www.bbc.co.uk/news/science-environment-46086216"
"117","bbc","https://www.bbc.co.uk/news/world-46261009"
"118","bbc","https://www.bbc.co.uk/news/business-46063097"
"119","bbc","https://www.bbc.co.uk/news/science-environment-45720740"
"120","bbc","https://www.bbc.co.uk/news/science-environment-46260959"
"121","bbc","https://www.bbc.co.uk/news/uk-46262739"
"122","bbc","https://www.bbc.co.uk/news/science-environment-46227763"
"123","bbc","https://www.bbc.co.uk/news/science-environment-46141876"
"124","bbc","https://www.bbc.co.uk/news/uk-scotland-edinburgh-east-fife-46180368"
"125","bbc","https://www.bbc.co.uk/news/world-africa-46077299"
"126","bbc","https://www.bbc.co.uk/news/science-environment-46101233"
"127","bbc","https://www.bbc.co.uk/news/world-asia-india-46135764"
"128","bbc","https://www.bbc.co.uk/news/business-46137804"
"129","bbc","https://www.bbc.co.uk/news/science-environment-46046264"
"130","bbc","https://www.bbc.co.uk/news/science-environment-46070037"
"131","bbc","https://www.bbc.co.uk/news/science-environment-45870218"
"132","bbc","https://www.bbc.co.uk/news/business-45527531"
"133","bbc","https://www.bbc.co.uk/news/world-43395807"
"134","bbc","https://www.bbc.co.uk/news/uk-43396627"
"135","bbc","https://www.bbc.co.uk/news/entertainment-arts-46291744"
"136","bbc","https://www.bbc.co.uk/news/entertainment-arts-46297345"
"137","bbc","https://www.bbc.co.uk/news/entertainment-arts-46292629"
"138","bbc","https://www.bbc.co.uk/news/entertainment-arts-46291743"
"139","bbc","https://www.bbc.co.uk/news/entertainment-arts-46288884"
"140","bbc","https://www.bbc.co.uk/news/newsbeat-46288924"
"141","bbc","https://www.bbc.co.uk/news/uk-england-berkshire-46292199"
"142","bbc","https://www.bbc.co.uk/news/entertainment-arts-46287584"
"143","bbc","https://www.bbc.co.uk/news/entertainment-arts-46287914"
"144","bbc","https://www.bbc.co.uk/news/entertainment-arts-46032162"
"145","bbc","https://www.bbc.co.uk/news/world-us-canada-46284390"
"146","bbc","https://www.bbc.co.uk/news/newsbeat-46288464"
"147","bbc","https://www.bbc.co.uk/news/business-46285094"
"148","bbc","https://www.bbc.co.uk/news/newsbeat-46286744"
"149","bbc","https://www.bbc.co.uk/news/world-europe-46284480"
"150","bbc","https://www.bbc.co.uk/news/newsbeat-46282500"
"151","bbc","https://www.bbc.co.uk/news/world-asia-india-46286224"
"152","bbc","https://www.bbc.co.uk/news/entertainment-arts-46209284"
"153","bbc","https://www.bbc.co.uk/news/entertainment-arts-46274048"
"154","bbc","https://www.bbc.co.uk/news/entertainment-arts-46275658"
"155","bbc","https://www.bbc.co.uk/news/entertainment-arts-46273498"
"156","bbc","https://www.bbc.co.uk/news/entertainment-arts-46274054"
"157","bbc","https://www.bbc.co.uk/news/world-asia-india-46275518"
"158","bbc","https://www.bbc.co.uk/news/newsbeat-46267048"
"159","bbc","https://www.bbc.co.uk/news/uk-46268895"
"160","bbc","https://www.bbc.co.uk/news/uk-wales-46267138"
"161","bbc","https://www.bbc.co.uk/news/entertainment-arts-46273504"
"162","bbc","https://www.bbc.co.uk/news/newsbeat-46272608"
"163","bbc","https://www.bbc.co.uk/news/entertainment-arts-46261959"
"164","bbc","https://www.bbc.co.uk/news/entertainment-arts-46262884"
"165","bbc","https://www.bbc.co.uk/news/entertainment-arts-46265181"
"166","bbc","https://www.bbc.co.uk/news/uk-scotland-tayside-central-46262639"
"167","bbc","https://www.bbc.co.uk/news/world-europe-46265708"
"168","bbc","https://www.bbc.co.uk/news/entertainment-arts-46293499"
"169","bbc","https://www.bbc.co.uk/news/entertainment-arts-46293969"
"170","bbc","https://www.bbc.co.uk/news/world-46261010"
"171","bbc","https://www.bbc.co.uk/news/world-middle-east-46261479"
"172","bbc","https://www.bbc.co.uk/news/uk-england-birmingham-46264321"
"173","bbc","https://www.bbc.co.uk/news/uk-england-birmingham-46268320"
"174","bbc","https://www.bbc.co.uk/news/uk-scotland-glasgow-west-46288685"
"175","bbc","https://www.bbc.co.uk/news/uk-wales-46274408"
"176","bbc","https://www.bbc.co.uk/news/entertainment-arts-46278810"
"177","bbc","https://www.bbc.co.uk/news/entertainment-arts-46277088"
"178","bbc","https://www.bbc.co.uk/news/entertainment-arts-46235262"
"179","bbc","https://www.bbc.co.uk/news/entertainment-arts-46236289"
"180","bbc","https://www.bbc.co.uk/news/uk-wales-46209009"
"181","bbc","https://www.bbc.co.uk/news/entertainment-arts-41023864"
"182","bbc","https://www.bbc.co.uk/news/business-46186130"
"183","bbc","https://www.bbc.co.uk/news/health-46290849"
"184","bbc","https://www.bbc.co.uk/news/health-46295719"
"185","bbc","https://www.bbc.co.uk/news/health-46291919"
"186","bbc","https://www.bbc.co.uk/news/uk-england-hampshire-46291762"
"187","bbc","https://www.bbc.co.uk/news/health-46275178"
"188","bbc","https://www.bbc.co.uk/news/health-46212058"
"189","bbc","https://www.bbc.co.uk/news/world-middle-east-46261983"
"190","bbc","https://www.bbc.co.uk/news/business-46279224"
"191","bbc","https://www.bbc.co.uk/news/education-46262619"
"192","bbc","https://www.bbc.co.uk/news/world-us-canada-46284236"
"193","bbc","https://www.bbc.co.uk/news/uk-england-lancashire-46264521"
"194","bbc","https://www.bbc.co.uk/news/health-46259123"
"195","bbc","https://www.bbc.co.uk/news/health-46220676"
"196","bbc","https://www.bbc.co.uk/news/health-46258687"
"197","bbc","https://www.bbc.co.uk/news/health-46199678"
"198","bbc","https://www.bbc.co.uk/news/uk-46269726"
"199","bbc","https://www.bbc.co.uk/news/health-46235052"
"200","bbc","https://www.bbc.co.uk/news/uk-northern-ireland-46260528"
"201","bbc","https://www.bbc.co.uk/news/uk-scotland-46253943"
"202","bbc","https://www.bbc.co.uk/news/uk-wales-46194962"
"203","bbc","https://www.bbc.co.uk/news/world-africa-46291289"
"204","bbc","https://www.bbc.co.uk/news/stories-46072009"
"205","bbc","https://www.bbc.co.uk/news/uk-england-cambridgeshire-46281604"
"206","bbc","https://www.bbc.co.uk/news/uk-46283213"
"207","bbc","https://www.bbc.co.uk/news/uk-england-essex-46269148"
"208","bbc","https://www.bbc.co.uk/news/uk-scotland-tayside-central-46265408"
"209","bbc","https://www.bbc.co.uk/news/world-us-canada-46265498"
"210","bbc","https://www.bbc.co.uk/news/uk-46241252"
"211","bbc","https://www.bbc.co.uk/news/newsbeat-46272608"
"212","bbc","https://www.bbc.co.uk/news/uk-wales-46222926"
"213","bbc","https://www.bbc.co.uk/news/uk-46045824"
"214","bbc","https://www.bbc.co.uk/news/health-46031382"
"215","bbc","https://www.bbc.co.uk/news/world-46280108"
"216","bbc","https://www.bbc.co.uk/news/uk-northern-ireland-46276722"
"217","bbc","https://www.bbc.co.uk/news/stories-46193709"
"218","bbc","https://www.bbc.co.uk/news/health-46212595"
"219","bbc","https://www.bbc.co.uk/news/health-46223896"
"220","bbc","https://www.bbc.co.uk/news/business-46197271"
"221","bbc","https://www.bbc.co.uk/news/world-africa-46077299"
"222","bbc","https://www.bbc.co.uk/news/health-46152396"
"223","bbc","https://www.bbc.co.uk/news/uk-england-45129017"
"224","bbc","https://www.bbc.co.uk/news/health-46123097"
"225","bbc","https://www.bbc.co.uk/news/health-41483322"
"226","bbc","https://www.bbc.co.uk/news/uk-politics-46297725"
"227","bbc","https://www.bbc.co.uk/news/uk-politics-46298449"
"228","bbc","https://www.bbc.co.uk/news/uk-politics-46288433"
"229","bbc","https://www.bbc.co.uk/news/uk-scotland-scotland-politics-46289456"
"230","bbc","https://www.bbc.co.uk/news/uk-northern-ireland-politics-46296659"
"231","bbc","https://www.bbc.co.uk/news/uk-politics-46288429"
"232","bbc","https://www.bbc.co.uk/news/uk-england-norfolk-46294249"
"233","bbc","https://www.bbc.co.uk/news/uk-politics-46284310"
"234","bbc","https://www.bbc.co.uk/news/uk-england-leeds-46290739"
"235","bbc","https://www.bbc.co.uk/news/business-46287887"
"236","bbc","https://www.bbc.co.uk/news/world-europe-46278361"
"237","bbc","https://www.bbc.co.uk/news/uk-northern-ireland-politics-46277898"
"238","bbc","https://www.bbc.co.uk/news/uk-scotland-scotland-politics-46262646"
"239","bbc","https://www.bbc.co.uk/news/uk-england-london-46288586"
"240","bbc","https://www.bbc.co.uk/news/uk-politics-46269757"
"241","bbc","https://www.bbc.co.uk/news/world-europe-46267684"
"242","bbc","https://www.bbc.co.uk/news/uk-politics-46274118"
"243","bbc","https://www.bbc.co.uk/news/world-europe-46274261"
"244","bbc","https://www.bbc.co.uk/news/uk-politics-46237174"
"245","bbc","https://www.bbc.co.uk/news/uk-46237012"
"246","bbc","https://www.bbc.co.uk/news/uk-46294509"
"247","bbc","https://www.bbc.co.uk/news/uk-46111020"
"248","bbc","https://www.bbc.co.uk/news/science-environment-46264303"
"249","bbc","https://www.bbc.co.uk/news/uk-46287924"
"250","bbc","https://www.bbc.co.uk/news/uk-politics-46254257"
"251","bbc","https://www.bbc.co.uk/news/uk-politics-46201339"
"252","bbc","https://www.bbc.co.uk/news/uk-politics-46239782"
"253","bbc","https://www.bbc.co.uk/news/uk-politics-45953182"
"254","bbc","https://www.bbc.co.uk/news/newsbeat-46236022"
"255","bbc","https://www.bbc.co.uk/news/uk-politics-46208764"
"256","bbc","https://www.bbc.co.uk/news/uk-politics-46221696"
"257","bbc","https://www.bbc.co.uk/news/uk-politics-46101379"
"258","bbc","https://www.bbc.co.uk/news/uk-politics-45704792"
"259","bbc","https://www.bbc.co.uk/news/uk-politics-32810887"
"260","bbc","https://www.bbc.co.uk/news/uk-politics-45646690"
"261","bbc","https://www.bbc.co.uk/news/uk-politics-41332364"
"262","bbc","https://www.bbc.co.uk/news/uk-politics-46296769"
"263","bbc","https://www.bbc.co.uk/news/uk-politics-46296777"
"264","bbc","https://www.bbc.co.uk/news/uk-politics-46282910"
"265","bbc","https://www.bbc.co.uk/news/uk-politics-46280468"
"266","bbc","https://www.bbc.co.uk/news/uk-politics-46263837"
"267","bbc","https://www.bbc.co.uk/news/uk-politics-46268188"
"268","bbc","https://www.bbc.co.uk/news/world-us-canada-46294734"
"269","bbc","https://www.bbc.co.uk/news/world-us-canada-46298669"
"270","bbc","https://www.bbc.co.uk/news/world-australia-46298309"
"271","bbc","https://www.bbc.co.uk/news/world-middle-east-46295142"
"272","bbc","https://www.bbc.co.uk/news/world-asia-46295889"
"273","bbc","https://www.bbc.co.uk/news/world-europe-46296859"
"274","bbc","https://www.bbc.co.uk/news/business-46295109"
"275","bbc","https://www.bbc.co.uk/news/world-europe-46298959"
"276","bbc","https://www.bbc.co.uk/news/world-asia-india-46286215"
"277","bbc","https://www.bbc.co.uk/news/world-europe-46294379"
"278","bbc","https://www.bbc.co.uk/news/science-environment-46298259"
"279","bbc","https://www.bbc.co.uk/news/world-europe-46287975"
"280","bbc","https://www.bbc.co.uk/news/world-africa-46291289"
"281","bbc","https://www.bbc.co.uk/news/world-us-canada-46270320"
"282","bbc","https://www.bbc.co.uk/news/world-europe-46297639"
"283","bbc","https://www.bbc.co.uk/news/world-46295329"
"284","bbc","https://www.bbc.co.uk/news/stories-46275458"
"285","bbc","https://www.bbc.co.uk/news/stories-46277058"
"286","bbc","https://www.bbc.co.uk/news/world-us-canada-46294891"
"287","bbc","https://www.bbc.co.uk/news/world-us-canada-46297540"
"288","bbc","https://www.bbc.co.uk/news/world-europe-46293151"
"289","bbc","https://www.bbc.co.uk/news/blogs-news-from-elsewhere-46277588"
"290","bbc","https://www.bbc.co.uk/news/blogs-news-from-elsewhere-46260845"
"291","bbc","https://www.bbc.co.uk/news/blogs-news-from-elsewhere-46225010"
"292","bbc","https://www.bbc.co.uk/news/world-us-canada-46277108"
"293","bbc","https://www.bbc.co.uk/news/world-us-canada-46293221"
"294","bbc","https://www.bbc.co.uk/news/world-asia-india-46235692"
"295","bbc","https://www.bbc.co.uk/news/world-africa-46017551"
"296","bbc","https://www.bbc.co.uk/news/science-environment-46260959"
"297","bbc","https://www.bbc.co.uk/news/health-46290849"
"298","bbc","https://www.bbc.co.uk/news/uk-politics-46297725"
"299","bbc","https://www.bbc.co.uk/news/education-46289373"
"300","bbc","https://www.bbc.co.uk/news/uk-46294511"
"301","bbc","https://www.bbc.co.uk/news/education-46289259"
"302","bbc","https://www.bbc.co.uk/news/uk-england-leicestershire-46296059"
"303","bbc","https://www.bbc.co.uk/news/uk-politics-46298449"
"304","bbc","https://www.bbc.co.uk/news/world-us-canada-46294734"
"305","bbc","https://www.bbc.co.uk/news/world-europe-46298959"
"306","bbc","https://www.bbc.co.uk/news/uk-england-tyne-46294457"
"307","bbc","https://www.bbc.co.uk/news/world-46280108"
"308","bbc","https://www.bbc.co.uk/news/entertainment-arts-46292629"
"309","bbc","https://www.bbc.co.uk/news/entertainment-arts-46297345"
"310","bbc","https://www.bbc.co.uk/news/blogs-the-papers-46298749"
"311","bbc","https://www.bbc.co.uk/news/stories-46275458"
"312","bbc","https://www.bbc.co.uk/news/world-us-canada-46270320"
"313","bbc","https://www.bbc.co.uk/news/business-46292361"
"314","bbc","https://www.bbc.co.uk/news/uk-politics-46296777"
"315","bbc","https://www.bbc.co.uk/news/uk-46294509"
"316","bbc","https://www.bbc.co.uk/news/world-us-canada-46292429"
"317","bbc","https://www.bbc.co.uk/news/world-europe-46297639"
"318","bbc","https://www.bbc.co.uk/news/world-us-canada-46270318"
"319","bbc","https://www.bbc.co.uk/news/uk-scotland-scotland-politics-46289456"
"320","bbc","https://www.bbc.co.uk/news/10318089"
"321","bbc","https://www.bbc.co.uk/news/stories-46295439"
"322","bbc","https://www.bbc.co.uk/news/uk-wales-46262009"
"323","bbc","https://www.bbc.co.uk/news/science-environment-46260959"
"324","bbc","https://www.bbc.co.uk/news/world-us-canada-46277108"
"325","bbc","https://www.bbc.co.uk/news/uk-46281929"
"326","bbc","https://www.bbc.co.uk/news/stories-46261699"
"327","bbc","https://www.bbc.co.uk/news/business-46260739"
"328","bbc","https://www.bbc.co.uk/news/science-environment-46264303"
"329","bbc","https://www.bbc.co.uk/sport/football/46294137"
"330","bbc","https://www.bbc.co.uk/sport/rugby-union/46298621"
"331","bbc","https://www.bbc.co.uk/sport/av/football/46297269"
"332","bbc","https://www.bbc.co.uk/sport/football/46289969"
"333","bbc","https://www.bbc.co.uk/sport/av/winter-sports/46296322"
"334","bbc","https://www.bbc.co.uk/sport/sports-personality/46293799"
"335","bbc","https://www.bbc.co.uk/sport/football/46297150"
"336","bbc","https://www.bbc.co.uk/news/stories-46193709"
"337","bbc","https://www.bbc.co.uk/news/world-us-canada-46198498"
"338","bbc","https://www.bbc.co.uk/news/world-us-canada-46241372"
"339","bbc","https://www.bbc.co.uk/news/world-asia-46181240"
"340","bbc","https://www.bbc.co.uk/news/stories-46152567"
"1100","firstpost","https://www.firstpost.com/business/dhfl-q2-profit-rises-52-at-rs-439-crore-on-healthy-growth-in-loan-disbursements-total-income-up-by-32-5592831.html"
"2100","firstpost","https://www.firstpost.com/business/recent-regulatory-changes-make-atm-operations-unviable-half-of-2-38-lakh-machines-in-india-likely-to-be-closed-down-by-march-2019-5591991.html"
"341","firstpost","https://www.firstpost.com/business/dr-reddys-shares-jump-over-6-after-favourable-us-court-ruling-in-patent-infringement-case-5592161.html"
"410","firstpost","https://www.firstpost.com/business/tvs-motor-contributes-rs-2-cr-to-tamil-nadu-govt-to-take-up-relief-work-in-cyclone-gaja-affected-districts-5592181.html"
"510","firstpost","https://www.firstpost.com/business/cabotage-rule-relaxation-govt-needs-to-strengthen-port-infrastructure-to-make-india-a-major-transshipment-hub-5592001.html"
"610","firstpost","https://www.firstpost.com/business/sensex-drops-275-points-to-close-at-35199-as-global-selloff-continues-it-teck-metal-auto-stocks-fall-5592031.html"
"710","firstpost","https://www.firstpost.com/business/p-chidambaram-attacks-govt-over-rocky-ties-with-rbi-says-fm-and-central-bank-governor-worked-closely-under-upa-5592061.html"
"810","firstpost","https://www.firstpost.com/business/telecom-stress-kumar-mangalam-birla-flags-concerns-on-liquidity-high-spectrum-payment-to-govt-5591651.html"
"910","firstpost","https://www.firstpost.com/business/personal-loan-dont-borrow-blindly-consider-these-factors-before-approaching-a-lender-as-carelessness-will-cost-you-5591281.html"
"1010","firstpost","https://www.firstpost.com/business/companies-increasing-focus-on-employees-emotional-financial-health-to-increase-productivity-study-5591621.html"
"1110","firstpost","https://www.firstpost.com/business/indirect-tax-evasion-of-rs-29088-cr-detected-during-april-october-by-investigation-arm-of-finance-ministry-5591391.html"
"1210","firstpost","https://www.firstpost.com/business/rbi-centre-conflict-will-central-bank-be-more-accommodative-of-govts-fiscal-stance-in-the-run-up-to-election-5590461.html"
"1310","firstpost","https://www.firstpost.com/business/nissan-chairman-carlos-ghosns-custody-extended-by-10-days-co-could-face-charges-over-alleged-financial-misconduct-5591221.html"
"1410","firstpost","https://www.firstpost.com/business/softbank-group-to-invest-450-million-in-logistics-company-delhivery-gurugram-based-firm-to-be-valued-at-1-billion-5590221.html"
"1510","firstpost","https://www.firstpost.com/business/ongc-gas-production-at-all-time-high-of-70-mmscmd-as-company-raises-domestic-output-to-curb-imports-5591291.html"
"1610","firstpost","https://www.firstpost.com/business/foreign-portfolio-investors-continue-sell-off-pull-out-900-mn-in-july-september-quarter-5590261.html"
"1710","firstpost","https://www.firstpost.com/business/with-airlines-mounting-losses-fia-seeks-concessions-from-civil-aviation-ministry-5591101.html"
"1810","firstpost","https://www.firstpost.com/business/kotak-mahindra-bank-chief-uday-kotak-welcomes-rbi-board-decisions-says-outcomes-to-be-positive-for-economy-5590801.html"
"1910","firstpost","https://www.firstpost.com/business/decks-cleared-for-resuming-launch-of-dr-reddys-generic-suboxone-after-us-court-rejects-rival-firms-patent-breach-case-5589081.html"
"2010","firstpost","https://www.firstpost.com/business/rbi-boards-move-to-defer-capital-conservation-buffer-under-basel-iii-norms-could-help-psbs-get-rs-35000-cr-breather-crisil-5590251.html"
"2110","firstpost","https://www.firstpost.com/business/infosys-to-create-1200-jobs-in-australia-by-2020-to-set-up-three-innovation-hubs-to-meet-rising-expertise-demand-5589531.html"
"2210","firstpost","https://www.firstpost.com/business/oil-prices-arent-determined-by-a-triumvirate-alone-here-are-some-more-from-west-asia-to-south-america-to-africa-who-also-call-the-shots-5587641.html"
"2310","firstpost","https://www.firstpost.com/business/epfo-payroll-data-9-73-lakh-jobs-created-in-september-highest-monthly-addition-in-one-year-79-48-lakh-in-last-13-months-5590101.html"
"2410","firstpost","https://www.firstpost.com/business/gdp-growth-may-ease-7-2-july-september-quarter-sluggish-economy-says-icra-report-data-30-november-5585821.html"
"2610","firstpost","https://www.firstpost.com/entertainment/anushka-virats-new-manyavar-ad-ariana-grande-hints-at-music-video-for-thank-u-next-social-media-stalkers-guide-5591911.html"
"2710","firstpost","https://www.firstpost.com/entertainment/pl-deshpandes-marathi-hindi-film-posters-displayed-at-nfai-event-commemorating-his-birth-centenary-5589491.html"
"2810","firstpost","https://www.firstpost.com/entertainment/ralph-breaks-the-internet-supervising-animator-mark-henn-talks-about-universality-of-disney-films-and-more-5588491.html"
"2910","firstpost","https://www.firstpost.com/entertainment/bombay-hc-directs-fcat-to-expedite-hearing-in-pahlaj-nihalanis-case-pertaining-to-rangeela-rajas-release-5591781.html"
"3010","firstpost","https://www.firstpost.com/entertainment/the-lego-movie-2-the-second-part-trailer-introduces-chris-pratts-second-character-rex-dangervest-5591561.html"
"3110","firstpost","https://www.firstpost.com/entertainment/alok-nath-booked-for-rape-by-mumbai-police-following-fir-filed-by-writer-producer-5589811.html"
"3210","firstpost","https://www.firstpost.com/entertainment/kareena-kapoor-khan-says-people-thought-marriage-would-end-her-career-advised-her-against-it-5591531.html"
"3310","firstpost","https://www.firstpost.com/entertainment/iffi-2018-indian-panorama-jury-chief-rahul-rawail-responds-to-claims-of-dropping-anti-national-films-5591351.html"
"342","firstpost","https://www.firstpost.com/entertainment/margot-robbie-reveals-title-of-upcoming-suicide-squad-spin-off-twitter-thinks-its-not-harley-enough-5591111.html"
"351","firstpost","https://www.firstpost.com/entertainment/nadigar-sangam-secretary-vishal-accused-of-promoting-drinking-in-ayogya-poster-by-pmk-founder-s-ramadoss-5591071.html"
"361","firstpost","https://www.firstpost.com/entertainment/iffi-2018-sudani-from-nigeria-director-zakariya-on-inspiration-behind-critically-acclaimed-film-and-discovering-samuel-5583201.html"
"371","firstpost","https://www.firstpost.com/entertainment/watch-kedarnath-song-qafirana-shows-the-blossoming-romance-between-sara-ali-khan-sushant-singh-rajput-5590691.html"
"381","firstpost","https://www.firstpost.com/entertainment/from-mono-to-sleepmakeswaves-and-ioish-your-guide-to-the-best-of-post-rock-in-india-5590001.html"
"391","firstpost","https://www.firstpost.com/entertainment/jason-derulo-joins-idris-elba-taylor-swift-in-tom-hoopers-upcoming-film-adaptation-of-musical-cats-5590581.html"
"401","firstpost","https://www.firstpost.com/entertainment/seethakaathi-trailer-vijay-sethupathi-transforms-into-an-ageing-actor-in-balaji-tharaneetharans-film-5589981.html"
"411","firstpost","https://www.firstpost.com/entertainment/ganesh-acharya-says-tanushree-dutta-did-not-report-any-grievance-against-nana-patekar-while-shooting-song-5590111.html"
"421","firstpost","https://www.firstpost.com/entertainment/priyanka-chopra-nick-jonas-wedding-couple-to-recreate-their-first-date-have-two-ceremonies-in-jodhpur-5589181.html"
"431","firstpost","https://www.firstpost.com/entertainment/venom-breaks-china-box-office-slowdown-becomes-second-biggest-superhero-film-in-country-after-avengers-infinity-war-5588301.html"
"441","firstpost","https://www.firstpost.com/entertainment/iffi-2018-karan-johar-plays-koffee-quiz-with-akshay-kumar-rajyavardhan-singh-rathore-5588751.html"
"451","firstpost","https://www.firstpost.com/entertainment/iffi-2018-rajyavardhan-singh-rathore-says-india-is-a-land-of-storytellers-where-every-person-has-a-story-to-tell-5588541.html"
"461","firstpost","https://www.firstpost.com/entertainment/bigg-boss-12-20-november-day-65-written-updates-rohit-betrays-his-team-in-luxury-budget-task-5588081.html"
"471","firstpost","https://www.firstpost.com/entertainment/tigers-movie-review-emraan-hashmi-is-earnest-in-oscar-winning-filmmaker-danis-tanovics-well-intentioned-thriller-5581691.html"
"481","firstpost","https://www.firstpost.com/entertainment/broken-but-beautiful-trailer-altbalaji-show-starring-vikrant-massey-is-about-losing-love-moving-on-5585901.html"
"491","firstpost","https://www.firstpost.com/entertainment/b-tech-review-tharun-bhasckers-zee5-webseries-takes-a-familar-premise-and-turns-it-into-magic-5586081.html"
"511","firstpost","https://www.firstpost.com/tech/news-analysis/samsung-galaxy-s10-rumoured-to-come-in-four-colour-variants-galaxy-f-in-two-5592201.html"
"521","firstpost","https://www.firstpost.com/tech/news-analysis/you-can-now-place-microsoft-skype-calls-in-india-using-amazons-alexa-assistant-5592341.html"
"531","firstpost","https://www.firstpost.com/tech/news-analysis/indian-government-to-set-up-cryptocurrency-regulations-in-december-report-5590631.html"
"541","firstpost","https://www.firstpost.com/tech/news-analysis/samsung-galaxy-a9-first-impressions-the-first-quad-camera-phone-is-surprisingly-pricey-5586331.html"
"551","firstpost","https://www.firstpost.com/tech/news-analysis/xiaomi-mi-air-purifier-2s-review-quiet-unobtrusive-and-eminently-reliable-5584601.html"
"561","firstpost","https://www.firstpost.com/tech/news-analysis/samsungs-foldable-galaxy-f-smartphone-expected-to-ship-with-bixby-3-0-5591241.html"
"571","firstpost","https://www.firstpost.com/tech/news-analysis/google-to-roll-out-neighbourly-app-to-help-source-local-information-from-residents-5591231.html"
"581","firstpost","https://www.firstpost.com/tech/news-analysis/google-news-launches-innovation-challenge-for-quality-journalism-in-asia-pacific-5590941.html"
"591","firstpost","https://www.firstpost.com/tech/news-analysis/facebook-launches-tool-to-track-how-much-time-you-spend-on-the-platform-5590481.html"
"601","firstpost","https://www.firstpost.com/tech/news-analysis/india-vs-australia-1st-t20i-2018-live-score-how-to-watch-the-live-stream-online-5588731.html"
"611","firstpost","https://www.firstpost.com/tech/news-analysis/paytm-partners-with-lic-to-help-customers-make-insurance-premium-payments-online-5590931.html"
"621","firstpost","https://www.firstpost.com/tech/news-analysis/apple-releases-animated-short-film-as-its-ad-for-2018s-holiday-season-5590861.html"
"631","firstpost","https://www.firstpost.com/tech/news-analysis/tech-giants-must-make-mapping-data-openly-available-to-drive-innovation-uk-group-5589881.html"
"641","firstpost","https://www.firstpost.com/tech/news-analysis/thuraya-x5-touch-is-the-worlds-smallest-android-based-satellite-smartphone-5590471.html"
"651","firstpost","https://www.firstpost.com/tech/news-analysis/googles-find-my-device-feature-can-now-locate-phones-in-some-indoor-spaces-5590271.html"
"661","firstpost","https://www.firstpost.com/tech/news-analysis/facebook-has-seen-a-sudden-spike-in-data-download-requests-in-november-report-5589721.html"
"671","firstpost","https://www.firstpost.com/tech/news-analysis/bitcoin-slumped-to-its-lowest-in-2018-losses-top-25-percent-within-a-week-5590021.html"
"681","firstpost","https://www.firstpost.com/tech/news-analysis/xiaomi-sets-a-guinness-record-opens-500-rural-stores-plans-5000-more-by-2019-end-5583841.html"
"691","firstpost","https://www.firstpost.com/tech/news-analysis/sticker-apps-using-the-same-ui-as-whatsapp-to-be-deleted-from-apple-app-store-5589041.html"
"701","firstpost","https://www.firstpost.com/tech/news-analysis/mark-zuckerberg-says-he-has-no-plans-to-step-down-even-as-facebook-faces-intense-scrutiny-5589621.html"
"711","firstpost","https://www.firstpost.com/tech/news-analysis/apple-watch-gets-approval-for-patent-on-protection-from-uv-light-exposure-5589391.html"
"721","firstpost","https://www.firstpost.com/tech/news-analysis/indian-govt-to-meet-social-media-companies-fortnightly-to-check-spread-of-fake-news-5588321.html"
"731","firstpost","https://www.firstpost.com/tech/news-analysis/snapdragon-8150-comes-out-on-top-when-it-comes-to-ai-processing-benchmarks-report-5588401.html"
"741","firstpost","https://www.firstpost.com/tech/news-analysis/linkedin-is-testing-a-stories-feature-called-student-voices-along-with-gif-comments-5588361.html"
"751","firstpost","https://www.firstpost.com/tech/news-analysis/major-facebook-outage-affects-most-parts-of-the-world-causes-remain-unknown-5588111.html"
"761","firstpost","https://www.firstpost.com/tech/gaming/pubg-mobiles-new-update-brings-season-4-m762-rifle-new-vehicles-and-more-5590951.html"
"771","firstpost","https://www.firstpost.com/tech/gaming/hyperx-launches-its-alloy-fps-rgb-mechanical-gaming-keyboard-in-india-for-rs-12900-5585031.html"
"781","firstpost","https://www.firstpost.com/tech/gaming/microsoft-could-release-a-disc-less-affordable-xbox-one-console-next-year-report-5574531.html"
"791","firstpost","https://www.firstpost.com/tech/gaming/new-pubg-mobile-awm-challenge-winners-to-get-cool-in-game-merchandise-5568461.html"
"801","firstpost","https://www.firstpost.com/tech/gaming/angry-birds-developer-to-come-up-with-new-games-to-drive-growth-and-boost-sales-5562011.html"
"811","firstpost","https://www.firstpost.com/tech/gaming/sony-wont-be-part-of-e3-2019-a-first-in-the-annual-gaming-shows-24-year-history-5561771.html"
"821","firstpost","https://www.firstpost.com/tech/gaming/amd-launches-its-12-nm-radeon-rx-590-for-gamers-who-dont-need-a-vega-series-gpu-5558391.html"
"831","firstpost","https://www.firstpost.com/tech/gaming/pubg-is-confirmed-to-come-to-playstation-4-on-7-december-preorders-begin-today-5550701.html"
"841","firstpost","https://www.firstpost.com/tech/gaming/man-busts-steam-bug-that-allowed-unlimited-free-downloads-wins-a-20000-bounty-5540921.html"
"851","firstpost","https://www.firstpost.com/tech/gaming/battlefield-1-players-honour-100th-anniversary-of-world-war-i-with-ceasefire-5537161.html"
"861","firstpost","https://www.firstpost.com/tech/gaming/nintendo-to-shut-down-netflix-and-other-video-streaming-services-for-wii-in-2019-5536781.html"
"871","firstpost","https://www.firstpost.com/tech/gaming/microsoft-to-bring-pubg-to-xbox-game-pass-subscription-on-12-november-report-5534861.html"
"881","firstpost","https://www.firstpost.com/tech/gaming/xbox-one-keyboard-and-mouse-support-to-roll-out-for-fortnite-and-14-other-games-5532031.html"
"891","firstpost","https://www.firstpost.com/tech/gaming/pubg-release-date-for-playstation-4-may-have-been-inadvertently-leaked-by-amazon-5528241.html"
"901","firstpost","https://www.firstpost.com/tech/gaming/you-can-start-playing-battlefield-v-eleven-days-early-but-its-going-to-cost-you-5526251.html"
"911","firstpost","https://www.firstpost.com/tech/gaming/gaming-smartphones-could-make-up-6-5-of-indias-total-smartphone-market-by-2021-5525481.html"
"921","firstpost","https://www.firstpost.com/tech/gaming/pubg-currently-available-for-free-on-xbox-one-as-possible-ps4-launch-looms-large-5519151.html"
"931","firstpost","https://www.firstpost.com/tech/gaming/xiaomis-mi-gaming-laptops-could-arrive-as-early-as-next-year-report-5518221.html"
"941","firstpost","https://www.firstpost.com/tech/gaming/pubg-could-soon-arrive-on-playstation-4-leaks-hint-at-imminent-launch-5509791.html"
"951","firstpost","https://www.firstpost.com/tech/gaming/destiny-2-on-pc-available-for-free-on-blizzards-battle-net-service-for-a-limited-time-5498111.html"
"961","firstpost","https://www.firstpost.com/tech/gaming/fortnites-latest-patch-is-now-rolling-and-here-are-all-the-skins-that-come-with-it-5493131.html"
"971","firstpost","https://www.firstpost.com/tech/gaming/nintendo-reports-30-percent-rise-in-profits-in-q2-as-switch-sales-drive-earnings-5471471.html"
"981","firstpost","https://www.firstpost.com/tech/gaming/pubg-mobile-adds-new-events-for-diwali-and-a-kurta-pajama-for-your-character-5460891.html"
"991","firstpost","https://www.firstpost.com/tech/gaming/pubg-mobile-version-0-9-0-is-now-official-here-are-all-the-key-introductions-5448151.html"
"1001","firstpost","https://www.firstpost.com/tech/gaming/indian-cs-go-player-forsaken-faces-lifetime-ban-for-cheating-in-tournament-5421391.html"
"1011","firstpost","https://www.firstpost.com/tech/photos/ifa-2018-triton-8000-predator-thoronos-ojo-mixed-reality-and-more-from-acers-cabinet-5071411.html"
"1021","firstpost","https://www.firstpost.com/tech/photos/nasa-brings-its-history-in-aviation-tech-to-life-in-pictures-on-aviation-day-4998671.html"
"1031","firstpost","https://www.firstpost.com/tech/photos/nasa-blasts-off-historic-parker-solar-probe-mission-to-touch-the-sun-4949071.html"
"1041","firstpost","https://www.firstpost.com/tech/photos/kerala-rains-army-disaster-management-response-teams-aid-in-rescue-and-relief-work-in-state-4936471.html"
"1051","firstpost","https://www.firstpost.com/tech/photos/hubble-captures-stunning-images-of-our-galaxys-fraternal-twin-ngc-6744-4866791.html"
"1061","firstpost","https://www.firstpost.com/tech/photos/blood-moon-2018-the-tale-of-the-most-magical-celestial-event-of-the-century-4841811.html"
"1071","firstpost","https://www.firstpost.com/tech/photos/flying-car-concepts-have-been-around-for-100-years-heres-a-look-at-some-of-them-4776791.html"
"1081","firstpost","https://www.firstpost.com/tech/photos/postcards-from-jupiter-nasa-space-probe-juno-continues-to-send-back-stunning-images-of-the-gas-giant-4531961.html"
"1091","firstpost","https://www.firstpost.com/tech/photos/oneplus-6-avengers-limited-edition-the-most-expensive-oneplus-6-for-marvels-superhero-fans-4479367.html"
"1101","firstpost","https://www.firstpost.com/tech/photos/nokia-7-plus-vs-samsung-galaxy-a6-plus-a-closer-look-at-the-mid-range-competitors-4479591.html"
"1111","firstpost","https://www.firstpost.com/tech/reviews/xiaomi-redmi-6-pro-review-a-great-all-rounder-with-best-in-segment-display-5156711.html"
"1121","firstpost","https://www.firstpost.com/tech/reviews/oneplus-6t-review-a-notch-above-or-is-it-5474251.html"
"1131","firstpost","https://www.firstpost.com/tech/reviews/apple-iphone-xr-review-great-battery-life-display-makes-it-the-best-iphone-to-buy-5466191.html"
"1141","firstpost","https://www.firstpost.com/tech/reviews/honor-8x-review-big-display-bold-design-and-flashy-camera-come-together-5438481.html"
"1151","firstpost","https://www.firstpost.com/tech/reviews/fiio-m7-review-a-good-music-player-thats-pulled-down-by-its-user-interface-5430461.html"
"1161","firstpost","https://www.firstpost.com/tech/reviews/samsung-galaxy-a7-review-decent-cameras-and-good-looks-dont-cut-it-anymore-5403391.html"
"1171","firstpost","https://www.firstpost.com/tech/reviews/google-pixel-3-xl-review-yet-another-stunning-camera-yet-another-boring-design-5396701.html"
"1181","firstpost","https://www.firstpost.com/tech/reviews/apple-iphone-xs-max-review-greatest-iphone-ever-but-android-flagships-are-way-ahead-5380641.html"
"1191","firstpost","https://www.firstpost.com/tech/reviews/samsung-gear-icon-x-wireless-earbuds-review-only-samsung-fans-need-apply-5387981.html"
"1201","firstpost","https://www.firstpost.com/tech/reviews/realme-2-pro-review-great-hardware-and-display-but-camera-performance-lacking-5354201.html"
"1211","firstpost","https://www.firstpost.com/tech/reviews/microsoft-surface-book-2-review-the-ugly-duckling-that-refuses-to-grow-up-5052131.html"
"1221","firstpost","https://www.firstpost.com/tech/reviews/lg-g7-plus-thinq-review-a-feature-packed-alternative-to-the-oneplus-6-5296011.html"
"1231","firstpost","https://www.firstpost.com/tech/reviews/motorola-one-power-review-a-daily-driver-with-good-battery-life-but-average-camera-5246571.html"
"1241","firstpost","https://www.firstpost.com/tech/reviews/jbl-endurance-jump-review-average-sound-but-a-great-sports-activity-companion-5248931.html"
"1251","firstpost","https://www.firstpost.com/tech/reviews/lenovo-ideapad-330s-review-a-laptop-that-has-you-covered-at-work-and-back-at-home-5130421.html"
"1261","firstpost","https://www.firstpost.com/tech/reviews/msi-gs65-stealth-thin-8rf-gaming-laptop-review-to-hell-with-ultrabooks-4571461.html"
"1271","firstpost","https://www.firstpost.com/tech/reviews/asus-zenfone-max-pro-m1-review-a-value-for-money-budget-smartphone-that-can-take-the-xiaomi-redmi-note-5-pro-head-on-4463755.html"
"1281","firstpost","https://www.firstpost.com/tech/reviews/vivo-v11-pro-review-great-bezel-less-design-marred-by-poor-ui-average-camera-5215051.html"
"1291","firstpost","https://www.firstpost.com/tech/reviews/jbl-go-2-review-a-small-waterproof-bluetooth-speaker-with-clear-sound-low-bass-5207551.html"
"1301","firstpost","https://www.firstpost.com/tech/reviews/x-mini-supa-review-a-bluetooth-speaker-with-a-vintage-premium-esque-design-5176941.html"
"1311","firstpost","https://www.firstpost.com/tech/reviews/ue-wonderboom-review-well-designed-waterproof-bluetooth-speaker-with-good-sound-5150871.html"
"1321","firstpost","https://www.firstpost.com/tech/reviews/hp-omen-x-17-2018-review-glorious-beast-or-impractical-monstrosity-5121741.html"
"1331","firstpost","https://www.firstpost.com/tech/reviews/xiaomi-poco-f1-review-the-best-value-for-money-smartphone-you-can-buy-5064511.html"
"1341","firstpost","https://www.firstpost.com/tech/reviews/realme-2-review-great-design-battery-life-but-redmi-note-5-has-a-better-camera-5104641.html"
"1351","firstpost","https://www.firstpost.com/tech/reviews/infinix-smart-2-review-even-good-looks-and-battery-dont-stand-against-redmi-5a-5089171.html"
"1361","firstpost","https://www.firstpost.com/tech/startup/pune-based-startup-earthfood-aims-to-offer-organic-produce-at-market-price-expands-footprint-to-mumbai-5072421.html"
"1371","firstpost","https://www.firstpost.com/tech/startup/nirmala-sitharaman-urges-startups-to-develop-tech-for-made-in-india-defence-arms-provide-solutions-to-indian-problems-4900151.html"
"1381","firstpost","https://www.firstpost.com/tech/startup/daily-yoga-practice-significantly-improves-sperm-quality-reveals-aiims-study-published-in-international-journal-4505067.html"
"1391","firstpost","https://www.firstpost.com/politics/manmohan-singh-says-narendra-modi-government-systematically-denigrating-parliament-and-cbis-credibility-5591471.html"
"1401","firstpost","https://www.firstpost.com/politics/bjp-accuses-congress-of-denying-justice-to-anti-sikh-riots-victims-ravi-shankar-prasad-claims-sit-under-nda-govt-led-to-verdict-5592231.html"
"1411","firstpost","https://www.firstpost.com/politics/kamal-nath-courts-controversy-again-says-huge-loss-if-congress-doesnt-get-90-of-muslim-votes-divisive-politics-says-bjp-5591571.html"
"1421","firstpost","https://www.firstpost.com/politics/goa-political-mess-worsens-calls-for-manohar-parrikar-to-resign-bjps-leadership-crisis-upset-ally-displeased-voters-5590561.html"
"1431","firstpost","https://www.firstpost.com/politics/altaf-bukhari-is-consensus-jk-cm-candidate-as-congress-pdp-nc-join-hands-to-thwart-sajjad-lone-5591261.html"
"1441","firstpost","https://www.firstpost.com/politics/rajasthan-assembly-polls-ashok-gehlot-says-vasundhara-raje-neglected-jodhpur-because-its-his-hometown-5591271.html"
"1451","firstpost","https://www.firstpost.com/politics/uttarakhand-civic-election-bjp-wins-five-mayoral-seats-including-dehradun-rishikesh-and-kashipur-congress-bags-two-5588271.html"
"1461","firstpost","https://www.firstpost.com/politics/mohandas-pai-manish-tewari-wade-into-smashbrahminicalpatriarchy-row-but-end-up-fighting-on-the-same-side-5590881.html"
"1471","firstpost","https://www.firstpost.com/politics/rajasthan-polls-congress-gives-14-seats-to-muslim-candidates-bjp-with-only-one-as-yoonus-khan-challenges-sachin-pilot-5591151.html"
"1481","firstpost","https://www.firstpost.com/politics/rajasthan-polls-bjp-fields-seven-turncoats-including-ram-krishna-saini-congress-nominates-harish-meena-three-others-5590871.html"
"1491","firstpost","https://www.firstpost.com/politics/only-a-congress-pm-can-build-ram-temple-in-ayodhya-says-cp-joshi-ahead-of-rajasthan-assembly-polls-5590141.html"
"1501","firstpost","https://www.firstpost.com/politics/sabarimala-controversy-pinarayi-vijayan-responds-to-amit-shahs-gulag-comment-claims-bjp-rss-using-pilgrims-as-scapegoats-5590381.html"
"1511","firstpost","https://www.firstpost.com/politics/rajasthan-assembly-polls-amit-shah-to-address-youth-event-in-jaipur-participate-in-road-show-in-bikaner-today-5590611.html"
"1521","firstpost","https://www.firstpost.com/politics/cpi-leaders-visit-mk-stalin-to-discuss-2019-lok-sabha-polls-days-after-sitaram-yechury-met-dmk-chief-5590181.html"
"1531","firstpost","https://www.firstpost.com/politics/mizoram-assembly-election-bru-refugees-residing-in-tripura-to-vote-in-mamit-district-says-ec-official-5589951.html"
"1541","firstpost","https://www.firstpost.com/politics/pdps-muzaffar-hussain-baig-backs-sajjad-lones-peoples-conference-jk-may-see-third-front-govt-soon-5588161.html"
"1551","firstpost","https://www.firstpost.com/politics/goa-locals-congress-leaders-march-to-manohar-parrikars-residence-demand-his-resignation-and-a-full-time-cm-5587731.html"
"1561","firstpost","https://www.firstpost.com/politics/pdp-congress-likely-to-form-alliance-backed-by-nc-for-jammu-and-kashmir-govt-governors-rule-in-state-ends-in-december-5588051.html"
"1571","firstpost","https://www.firstpost.com/politics/karnataka-bypolls-voting-begins-for-3-lok-sabha-2-assembly-seats-ec-declares-1502-polling-stations-sensitive-5496711.html"
"1581","firstpost","https://www.firstpost.com/politics/chhattisgarh-assembly-election-2018-59-41-polling-till-4-30-pm-faulty-evms-and-missing-names-from-voter-lists-mark-phase-two-5584591.html"
"1591","firstpost","https://www.firstpost.com/politics/narendra-modi-in-rewa-pm-accuses-former-congress-rule-in-madhya-pradesh-of-derailing-development-in-state-5584721.html"
"1601","firstpost","https://www.firstpost.com/politics/telangana-assembly-election-2018-trs-mp-vishweshwar-reddy-resigns-from-party-says-govt-became-inaccessible-5586191.html"
"1611","firstpost","https://www.firstpost.com/politics/even-cm-is-not-safe-in-delhi-aap-blames-serious-security-lapse-by-police-for-chilli-powder-thrown-on-arvind-kejriwal-5585751.html"
"1621","firstpost","https://www.firstpost.com/politics/bjp-living-in-fools-paradise-ahead-of-telangana-assembly-polls-kt-rama-rao-mocks-party-for-thinking-trs-fears-modi-factor-5585161.html"
"1641","firstpost","https://www.firstpost.com/world/donald-trump-imran-khans-twitter-war-exposes-shaky-foundation-of-bilateral-ties-underlines-challenges-of-afghan-crisis-5592431.html"
"1651","firstpost","https://www.firstpost.com/world/pakistan-issues-over-3800-visas-to-sikh-pilgrims-from-india-for-celebrations-to-mark-guru-nanaks-550th-birth-anniversary-5592491.html"
"1661","firstpost","https://www.firstpost.com/world/jamal-khashoggi-murder-donald-trump-under-fire-for-defending-saudi-crown-prince-critics-call-it-betrayal-of-american-values-5592401.html"
"1671","firstpost","https://www.firstpost.com/world/california-wildfires-toll-rises-to-81-with-75-percent-of-blaze-contained-officials-now-hope-for-significant-rain-5591451.html"
"1681","firstpost","https://www.firstpost.com/world/world-television-day-quiz-how-well-do-you-know-iconic-indian-shows-of-the-1980s-5590391.html"
"1691","firstpost","https://www.firstpost.com/world/imf-demands-to-see-details-of-pakistan-china-financial-assistance-deal-days-of-east-india-company-2-0-long-gone-5590411.html"
"1701","firstpost","https://www.firstpost.com/world/yemen-war-85000-children-under-five-years-of-age-dead-from-acute-malnutrition-says-global-charity-5590621.html"
"1711","firstpost","https://www.firstpost.com/world/australia-joins-us-several-european-countries-in-rejecting-un-migration-pact-says-it-will-risk-encouraging-illegal-entry-5589731.html"
"1721","firstpost","https://www.firstpost.com/world/indonesia-flight-crash-boeing-vows-to-share-investigation-information-with-customers-amid-reports-of-cancelled-conference-call-5588421.html"
"1731","firstpost","https://www.firstpost.com/world/jamal-khashoggi-murder-donald-trump-vows-to-remain-saudis-steadfast-partner-us-republicans-push-for-action-against-riyadh-5587581.html"
"1741","firstpost","https://www.firstpost.com/world/u-n-environment-chief-quits-over-travel-expense-report-5587301.html"
"1751","firstpost","https://www.firstpost.com/world/pakistan-says-substantive-progress-made-in-bailout-talks-with-imf-global-lender-proposes-increased-energy-prices-taxes-5588261.html"
"1761","firstpost","https://www.firstpost.com/world/us-suspends-1-66-bn-aid-to-pakistan-as-donald-trump-says-south-asian-nation-has-done-nothing-for-america-5587851.html"
"1771","firstpost","https://www.firstpost.com/world/bashar-al-assads-regime-funds-irans-proxy-terrorist-groups-alleges-us-assures-action-against-deceptive-international-network-5588201.html"
"1781","firstpost","https://www.firstpost.com/world/democrats-to-investigate-ivanka-trumps-private-email-use-in-white-house-in-next-congress-5587841.html"
"1791","firstpost","https://www.firstpost.com/world/afghanistan-suicide-bomber-targets-gathering-of-clerics-in-kabul-kills-over-50-more-than-80-injured-5587781.html"
"1801","firstpost","https://www.firstpost.com/world/france-ban-on-niqab-violates-human-rights-says-unhrc-tells-paris-to-reconsider-report-back-on-action-taken-in-180-days-5435071.html"
"1811","firstpost","https://www.firstpost.com/world/imf-staff-mission-to-visit-islamabad-next-week-initiate-talks-with-pakistan-over-bailout-application-5490691.html"
"1821","firstpost","https://www.firstpost.com/world/florida-yoga-studio-shooting-attacker-kills-self-two-others-in-tallahassee-mayor-lauds-police-depts-quick-response-5497021.html"
"1831","firstpost","https://www.firstpost.com/world/millions-left-behind-as-diabetes-drives-surge-in-insulin-demand-5587721.html"
"1841","firstpost","https://www.firstpost.com/world/facebook-sued-by-russian-firm-linked-to-woman-charged-by-u-s-5587711.html"
"1851","firstpost","https://www.firstpost.com/world/donald-trump-defends-ivanka-trump-personal-email-use-but-nobodys-buying-the-story-the-irony-is-just-too-much-5587391.html"
"1861","firstpost","https://www.firstpost.com/world/exclusive-trump-weighs-authorising-u-s-troops-to-medically-screen-migrants-5587611.html"
"1871","firstpost","https://www.firstpost.com/world/exclusive-trump-weighs-authorizing-u-s-troops-to-medically-screen-migrants-5587601.html"
"1891","firstpost","https://www.firstpost.com/india/pollution-in-india-yougov-survey-reveals-that-poor-air-quality-affects-people-physically-and-mentally-5592361.html"
"1901","firstpost","https://www.firstpost.com/india/theories-of-isi-hand-in-amritsar-attack-not-too-far-fetched-pakistans-spy-agency-has-history-of-backing-militancy-in-india-5585671.html"
"1911","firstpost","https://www.firstpost.com/india/1984-anti-sikh-riots-will-sentences-handed-by-patiala-house-court-have-political-implications-ahead-of-2019-5592211.html"
"1921","firstpost","https://www.firstpost.com/india/ahead-of-vhps-dharma-sabha-up-bjp-chief-says-partys-stand-on-ayodhya-ram-temple-firm-but-wont-make-it-a-poll-issue-5591611.html"
"1931","firstpost","https://www.firstpost.com/india/malegaon-blast-case-bombay-hc-refuses-to-stay-trial-court-proceedings-againt-lt-col-purohit-5591301.html"
"1941","firstpost","https://www.firstpost.com/india/amritsar-grenade-blast-punjab-police-arrests-suspect-assailant-claims-isi-handler-happy-singh-mastermind-5591591.html"
"1951","firstpost","https://www.firstpost.com/india/bhima-koregaon-case-bombay-hc-extends-relief-from-arrest-to-gautam-navlakha-anand-teltumbde-and-stan-swamy-till-thursday-5592151.html"
"1961","firstpost","https://www.firstpost.com/india/farmers-march-maharashtra-govts-lukewarm-response-cause-for-repeated-protests-drought-relief-msp-hike-demands-unmet-5591411.html"
"1971","firstpost","https://www.firstpost.com/india/surrendered-naxals-and-tribals-in-maharashtras-insurgency-hit-gadchiroli-resume-education-through-ignou-study-centre-5591841.html"
"1981","firstpost","https://www.firstpost.com/india/four-hurt-in-communal-clash-at-matar-in-gujarats-kheda-district-12-booked-for-rioting-and-attempt-to-murder-says-police-5591751.html"
"1991","firstpost","https://www.firstpost.com/india/mha-says-nearly-400-members-of-paramilitary-personnel-killed-in-action-in-2015-17-bsf-lost-167-crpf-lost-103-5591461.html"
"2001","firstpost","https://www.firstpost.com/india/assam-experts-fret-over-river-basin-management-bill-fear-centre-might-usurp-states-right-over-water-5591041.html"
"2011","firstpost","https://www.firstpost.com/india/us-tourist-killed-by-tribe-in-andaman-and-nicobars-north-sentinel-island-seven-arrested-in-connection-with-murder-5590841.html"
"2021","firstpost","https://www.firstpost.com/india/nashik-road-accident-six-members-of-maharashtra-family-killed-as-truck-rams-into-car-disrupts-traffic-for-hours-driver-flees-spot-5591121.html"
"2031","firstpost","https://www.firstpost.com/india/sabarimala-row-kerala-bjp-gen-secy-k-surendran-arrested-for-violating-prohibitory-orders-at-shrine-granted-bail-5591051.html"
"2041","firstpost","https://www.firstpost.com/india/my-poster-in-jack-dorseys-hands-wasnt-the-point-real-threat-to-trolls-was-me-seeking-safety-of-oppressed-on-twitter-5590901.html"
"2051","firstpost","https://www.firstpost.com/india/bjps-manoj-tiwari-says-chilli-powder-attack-on-arvind-kejriwal-attempt-to-divert-attention-from-signature-bridge-fiasco-5590371.html"
"2061","firstpost","https://www.firstpost.com/india/odisha-house-passes-resolution-proposing-33-reservation-for-women-in-parliament-state-assemblies-5590891.html"
"2071","firstpost","https://www.firstpost.com/india/not-retiring-from-politics-sushma-swaraj-clarifies-on-twitter-but-wont-contest-lok-sabha-polls-for-health-reasons-5590421.html"
"2081","firstpost","https://www.firstpost.com/india/ease-of-doing-business-narendra-modi-launches-grand-challenge-but-cracking-global-top-50-will-be-tough-5590011.html"
"2091","firstpost","https://www.firstpost.com/india/over-20000-maharashtra-farmers-begin-protest-march-from-thane-to-mumbai-demands-include-drought-compensation-loan-waiver-5589941.html"
"2101","firstpost","https://www.firstpost.com/india/women-candidates-short-changed-in-telangana-assembly-polls-congress-gives-tickets-to-11-women-bjp-to-14-5590401.html"
"2111","firstpost","https://www.firstpost.com/india/sabarimala-controversy-pinarayi-vijayan-responds-to-amit-shahs-gulag-comment-claims-bjp-rss-using-pilgrims-as-scapegoats-5590381.html"
"2121","firstpost","https://www.firstpost.com/india/twitter-anti-brahminical-row-congress-says-we-are-the-new-jews-of-india-rajnath-singh-promises-action-5589921.html"
"2141","firstpost","https://www.firstpost.com/sports/manchester-united-to-take-on-rivals-leeds-united-in-friendly-as-part-of-pre-season-tour-of-australia-5592811.html"
"2151","firstpost","https://www.firstpost.com/sports/hockey-world-cup-2018-defending-champions-australia-seek-hat-trick-of-titles-to-cap-successful-year-5561231.html"
"2161","firstpost","https://www.firstpost.com/sports/uefa-nations-league-republic-of-ireland-manager-martin-oneill-to-step-down-after-relegation-from-tournament-5592581.html"
"2171","firstpost","https://www.firstpost.com/sports/chinese-football-association-set-to-introduce-salary-cap-on-super-league-clubs-from-next-season-to-dampen-spending-5592601.html"
"2181","firstpost","https://www.firstpost.com/sports/champions-league-paris-saint-germain-awaiting-results-of-scans-on-injured-duo-neymar-kylian-mbappe-ahead-of-liverpool-clash-5592611.html"
"2191","firstpost","https://www.firstpost.com/sports/what-ails-indian-tennis-and-its-support-structure-yuki-bhambri-saketh-myneni-and-prajnesh-gunneswaran-weigh-in-5592251.html"
"2201","firstpost","https://www.firstpost.com/sports/prajnesh-gunneswaran-interview-indias-top-ranked-singles-tennis-ace-on-his-injury-struggles-future-goals-and-more-5592451.html"
"2211","firstpost","https://www.firstpost.com/sports/fifa-president-gianni-infantino-asks-qatar-to-one-up-last-world-cup-says-2018-tournament-in-russia-was-best-ever-5592111.html"
"2221","firstpost","https://www.firstpost.com/sports/laliga-atletico-madrids-diego-costa-returns-to-training-ahead-of-barcelona-clash-diego-godin-to-miss-out-with-thigh-injury-5591961.html"
"2231","firstpost","https://www.firstpost.com/sports/artistic-gymnastics-world-cup-indias-dipa-karmakar-hopes-to-seal-tokyo-olympics-berth-with-good-show-in-germany-5591831.html"
"2241","firstpost","https://www.firstpost.com/sports/uefa-nations-league-james-forrest-scores-hat-trick-as-scotland-beat-israel-to-secure-euro-2020-play-off-spot-and-promotion-5591691.html"
"2251","firstpost","https://www.firstpost.com/sports/substitute-matteo-politanos-injury-time-winner-rescues-three-points-for-new-look-italy-team-against-usa-5591491.html"
"2261","firstpost","https://www.firstpost.com/sports/pro-kabaddi-league-2018-cousins-sunil-kumar-parvesh-bhainswal-add-childhood-tricks-to-gujarat-fortune-giants-arsenal-5586121.html"
"2271","firstpost","https://www.firstpost.com/sports/hockey-world-cup-2018-back-in-the-fold-after-28-years-lowest-ranked-france-look-to-make-their-presence-felt-5578381.html"
"2281","firstpost","https://www.firstpost.com/sports/joburg-delight-to-qualifying-for-us-open-a-look-at-six-key-moments-in-shubhankar-sharmas-ride-to-rookie-of-the-year-award-5590091.html"
"2291","firstpost","https://www.firstpost.com/sports/formula-3-teenager-sophia-floersch-who-survived-horror-crash-at-macau-grand-prix-vows-to-race-again-5589991.html"
"2301","firstpost","https://www.firstpost.com/sports/nba-bottom-placed-cleveland-cavaliers-cut-ties-with-jr-smith-in-post-lebron-james-roster-revamp-5589911.html"
"2311","firstpost","https://www.firstpost.com/sports/nba-golden-state-warriors-kevin-durant-fined-25000-for-obscenity-laced-response-to-court-side-heckler-5589831.html"
"2321","firstpost","https://www.firstpost.com/sports/nba-danny-green-jump-shot-at-death-lifts-raptors-to-eastern-conference-lead-trail-blazers-rise-to-top-in-west-5589131.html"
"2331","firstpost","https://www.firstpost.com/sports/international-friendlies-kylian-mbappes-shoulder-injury-overshadows-frances-victory-over-uruguay-5588811.html"
"2341","firstpost","https://www.firstpost.com/sports/international-friendlies-neymar-picks-up-groin-injury-in-brazils-narrow-victory-over-cameroon-5588671.html"
"2351","firstpost","https://www.firstpost.com/sports/uefa-nations-league-kosovo-close-in-on-shock-euro-2020-place-by-thrashing-azerbaijan-5588571.html"
"2361","firstpost","https://www.firstpost.com/sports/uefa-nations-league-portugal-held-by-poland-in-last-group-game-sweden-beat-russia-to-earn-promotion-5588331.html"
"2371","firstpost","https://www.firstpost.com/sports/womens-world-boxing-championships-mc-mary-kom-assured-of-record-seventh-medal-lovlina-borgohain-enters-semis-5583941.html"
